Student ID,Student Name,Status
,A. P. SHAH INSTITUTE OF TECHNOLOGY,
,BATCH-C1,
ROLNO ExTID,STUDENT NAME,*CABF
76 .24102143 AGARESAMIHAN MANOHAR 77 24102188 AHIR ANSH MOHAN 24102041 ANNADATE VANSH MANISH 34102042 BANSODE ASHISH SHIVATIRAO 80 24102001 BHANDARTRASHTDINESH 31 24102155 (BIDGARANURACMANADEO ) 82 28102200 SONCULWAR POOTA MARARAND 24102053 BOPALRARTATINUITENDRA ) 84 2102010 CHAUBAL SURABIT PANRAT a5 202197 CHAVHANVEDANTVIRAS 6 24102031 DESAT ANU ALPESH a 87 24102111 DESHMUKH AYUSH CHANDRAKANT DESHPANDE TANISHQ SACHIN 89 24102201 DIGASKAR TEJAS SANTOSH 90 ) 2410107 JDORLEHARSHSANTOSH a1 24102064 DOSAI MEET MAYOR 92 24102083 JDUNCARWAL SIDDAT ASHISH 24102034 DUSHARERAR ADITYA RAJENDRA 94 24102109 CAIRWAD HRISHIRESH MAHENDRA 24102040 CALAIVA RUSHABH PRAKASH 96 2a02144 CANDATPIVOSH KIRAN 24102090 GANDHI PRANESH RIRESHKUMAR 98 24102184 CAWALTSAMRUDDHI SATISH 99 GHOGARE UTKARSHA SANTOSH 100 24102056 GIRMAL PARAS AMOL,24102091 BHANDARI RASHI DINESH,24102042 BANSODE ASHISH SHIVAJIRAO
24102155 BIDGAR ANURAG MAHADEO,24102200 BONGULWAR POOJA MAKARAND,24102053 BOPALKAR JATIN JITENDRA
24102010 CHAUBAL SURABHI PANKAJ,Tal. a,
24102197 CHAVHAN VEDANT VIKAS,,La - 7
24102031 DESAI ANUJ ALPESH,,14
,24102201 DIGASKAR TEJAS SANTOSH,24102107 DORLE HARSH SANTOSH
24102064 DOSHI MEE TI MAYUR,,
24102043 DUNGARWAL SIDDHI ASHISH,,
24102034 DUSHAREKAR ADITYA RAJENDRA,I-,
24102109 GAIKWAD HRISHIKESH MAHENDRA,7 P-,
24102040 GALAIYA RUSHABH PRAKASH,,
24102144 GANDHI PIYUSH KIRAN,,
24102090 GANDHI PRANESH RIKESHKUMAR,24102184 GAWALI SAMRUDDHI SATISH,) F aa a
,GHOGARE UTKARSHA SANTOSH,
24102056 GIRMAL PARAS AMOL,LB,
